{"cameraMode":{"drawMode":0,"name":"Shaded","section":"Shading Mode"},"sceneLighting":true,"audioPlay":false,"sceneViewState":{"m_AlwaysRefresh":false,"showFog":true,"showSkybox":true,"showFlares":true,"showImageEffects":true,"showParticleSystems":true,"showVisualEffectGraphs":true,"m_FxEnabled":true},"in2DMode":false,"pivot":{"x":432.490478515625,"y":113.34439086914063,"z":453.688720703125},"rotation":{"x":-0.04679257795214653,"y":-0.0009019796270877123,"z":0.00004228961915941909,"w":-0.9989055395126343},"size":487.0679931640625,"orthographic":false}