{"cameraMode":{"drawMode":0,"name":"Shaded","section":"Shading Mode"},"sceneLighting":true,"audioPlay":false,"sceneViewState":{"m_AlwaysRefresh":false,"showFog":true,"showSkybox":true,"showFlares":true,"showImageEffects":true,"showParticleSystems":true,"showVisualEffectGraphs":true,"m_FxEnabled":true},"in2DMode":false,"pivot":{"x":519.1549072265625,"y":183.4193115234375,"z":45.40616226196289},"rotation":{"x":0.02968655899167061,"y":-0.0009026970947161317,"z":-0.000026138199245906435,"w":-0.9995699524879456},"size":683.0069580078125,"orthographic":false}